,total,bens,serviçõs,Total exceto habitação,Total exceto produtos alimentares não transformados e produtos energéticos,Total exceto produtos alimentares não transformados,Total exceto produtos energéticos,Produtos alimentares não transformados,Produtos energéticos
9/1/2021,105.741,101.787,111.687,105.222,105.302,105.051,106.037,111.893,102.554
8/1/2021,104.783,100.195,111.832,104.233,104.082,103.89,105.048,112.575,101.914
7/1/2021,104.993,100.683,111.56,104.463,104.306,104.033,105.335,113.32,101.34
6/1/2021,105.359,101.543,111.07,104.856,104.903,104.428,105.876,113.455,99.934
5/1/2021,105.199,101.442,110.812,104.697,104.957,104.366,105.809,112.513,98.828
4/1/2021,104.951,101.213,110.532,104.447,104.795,104.127,105.628,112.187,97.904
3/1/2021,104.517,100.713,110.215,103.998,104.41,103.755,105.176,111.252,97.646
2/1/2021,103.067,98.469,110.147,102.493,102.829,102.146,103.766,111.072,95.795
1/1/2021,103.541,99.102,110.342,102.991,103.398,102.643,104.3,111.361,95.653
12/1/2020,103.854,99.763,110.054,103.328,104.056,103.054,104.822,110.894,93.854
11/1/2020,104.001,100.364,109.493,103.484,104.219,103.078,105.103,112.133,92.51
10/1/2020,104.31,100.358,110.293,103.812,104.533,103.358,105.446,112.707,92.454
9/1/2020,104.2,100,110.57,103.708,104.414,103.282,105.294,112.295,92.806
8/1/2020,103.198,98.121,110.936,102.678,103.13,102.157,104.162,112.393,93.231
7/1/2020,103.476,98.646,110.827,102.977,103.431,102.431,104.463,112.701,93.25
6/1/2020,104.827,99.914,112.306,104.393,105.167,103.865,106.076,113.31,91.723
5/1/2020,103.906,99.219,111.036,103.433,104.303,102.914,105.237,112.666,89.904
4/1/2020,104.374,99.791,111.34,103.907,104.713,103.349,105.685,113.422,90.592
3/1/2020,104.044,100.347,109.629,103.574,104.262,103.383,104.889,109.837,95.391
2/1/2020,102.573,98.014,109.504,102.058,102.151,101.778,102.98,109.565,98.74
1/1/2020,103.23,98.837,109.901,102.752,102.832,102.516,103.579,109.498,100.039
12/1/2019,104.093,100.268,109.879,103.663,104.206,103.636,104.645,108.06,98.678
11/1/2019,104.231,100.785,109.416,103.814,104.412,103.798,104.819,107.98,98.434
10/1/2019,104.385,100.617,110.079,103.986,104.632,103.987,104.997,107.831,98.336
9/1/2019,104.346,100.261,110.541,103.96,104.601,103.952,104.962,107.754,98.262
8/1/2019,103.21,98.257,110.779,102.79,103.208,102.676,103.735,107.851,98.072
7/1/2019,103.329,98.809,110.212,102.927,103.353,102.843,103.83,107.544,98.443
6/1/2019,104.696,100.832,110.542,104.362,104.953,104.35,105.266,107.687,99.087
5/1/2019,104.664,101.329,109.674,104.34,104.767,104.363,105.054,107.259,100.952
4/1/2019,104.603,101.027,109.993,104.287,104.889,104.381,105.077,106.499,100.01
3/1/2019,103.995,100.878,108.661,103.666,104.22,103.681,104.506,106.701,99.008
2/1/2019,102.185,98.189,108.245,101.798,102.054,101.609,102.637,107.197,97.813
1/1/2019,102.411,98.471,108.381,102.047,102.395,101.837,102.963,107.405,96.982
12/1/2018,103.658,100.594,108.242,103.36,103.834,103.298,104.17,106.771,98.66
11/1/2018,103.902,101.368,107.646,103.622,103.781,103.552,104.142,106.933,101.693
10/1/2018,104.369,101.291,108.973,104.118,104.307,104.149,104.531,106.247,102.941
9/1/2018,104.463,100.98,109.709,104.227,104.397,104.152,104.712,107.146,102.157
8/1/2018,103.298,98.969,109.886,103.025,102.982,102.828,103.481,107.373,101.66
7/1/2018,103.656,99.542,109.903,103.409,103.476,103.238,103.909,107.28,101.303
6/1/2018,104.292,101.182,108.948,104.083,104.312,104.019,104.579,106.637,101.591
5/1/2018,104.225,101.279,108.622,104.021,104.28,103.922,104.573,106.832,100.909
4/1/2018,103.803,100.949,108.054,103.592,104.035,103.509,104.299,106.331,98.966
3/1/2018,103.122,100.176,107.52,102.891,103.543,102.946,103.669,104.613,97.756
2/1/2018,101.234,97.741,106.505,100.937,101.075,100.801,101.521,104.995,98.535
1/1/2018,101.926,98.784,106.637,101.668,101.609,101.351,102.211,106.923,99.238
12/1/2017,102.974,100.526,106.584,102.769,103.253,102.638,103.554,105.873,97.28
11/1/2017,103.018,100.943,106.059,102.82,103.272,102.636,103.621,106.313,97.089
10/1/2017,103.378,100.517,107.617,103.199,103.841,103.033,104.13,106.362,95.974
9/1/2017,103.023,100.091,107.371,102.831,103.496,102.673,103.788,106.041,95.493
8/1/2017,102.056,97.967,108.167,101.831,102.361,101.568,102.808,106.25,94.653
7/1/2017,102.048,98.441,107.426,101.829,102.472,101.604,102.863,105.872,94.027
6/1/2017,102.734,99.922,106.897,102.543,103.329,102.426,103.566,105.393,94.538
5/1/2017,103.149,100.68,106.791,102.979,103.617,102.771,103.937,106.405,95.387
4/1/2017,103.393,100.646,107.457,103.23,103.852,103.097,104.092,105.952,96.514
3/1/2017,102.417,100.407,105.36,102.208,102.737,102.101,103.013,105.151,96.559
2/1/2017,100.653,97.734,104.983,100.382,100.494,100.13,101.029,105.144,96.975
1/1/2017,100.885,98.463,104.457,100.615,100.664,100.285,101.281,106.028,97.006
12/1/2016,101.486,99.525,104.356,101.249,102.044,101.247,102.217,103.56,94.295
11/1/2016,101.446,99.648,104.076,101.207,102.135,101.189,102.31,103.669,92.94
10/1/2016,101.959,99.909,104.961,101.755,102.472,101.534,102.834,105.598,93.351
9/1/2016,101.611,99.461,104.761,101.407,102.159,101.131,102.571,105.709,92.164
8/1/2016,100.91,97.676,105.659,100.685,101.068,100.177,101.773,107.119,92.411
7/1/2016,101.136,98.424,105.115,100.925,101.426,100.564,101.958,106,93.047
6/1/2016,101.809,100.021,104.423,101.628,102.177,101.409,102.531,105.231,94.705
5/1/2016,101.674,99.683,104.587,101.488,102.39,101.495,102.484,103.239,93.693
4/1/2016,101.387,99.578,104.032,101.188,102.105,101.196,102.212,103.057,93.258
3/1/2016,101.033,98.901,104.154,100.824,102.074,101.057,101.931,100.901,92.188
2/1/2016,99.114,96.093,103.55,98.819,99.886,98.868,100.04,101.245,89.992
1/1/2016,99.56,97.139,103.109,99.327,100.153,99.14,100.499,103.143,90.311
12/1/2015,100.603,98.957,103.009,100.429,101.518,100.405,101.608,102.329,90.706
11/1/2015,100.866,99.597,102.702,100.697,101.68,100.722,101.73,102.153,92.368
10/1/2015,101.065,99.761,102.954,100.911,101.717,100.761,101.943,103.654,92.423
9/1/2015,100.975,99.361,103.331,100.824,101.613,100.714,101.799,103.215,92.879
8/1/2015,100.185,97.397,104.309,100,100.425,99.869,100.714,102.874,95.015
7/1/2015,100.522,98.345,103.726,100.351,100.628,100.28,100.86,102.608,97.245
6/1/2015,101.256,100.159,102.836,101.119,101.431,101.072,101.598,102.874,97.948
5/1/2015,101.337,100.331,102.779,101.212,101.594,101.203,101.702,102.55,97.795
4/1/2015,100.907,99.771,102.544,100.768,101.339,100.805,101.394,101.858,96.148
3/1/2015,100.581,99.307,102.425,100.43,101.087,100.509,101.104,101.29,95.469
2/1/2015,98.715,96.57,101.87,98.483,98.953,98.404,99.237,101.355,93.61
1/1/2015,98.789,96.912,101.543,98.532,99.173,98.386,99.528,102.173,91.531
12/1/2014,100.205,99.066,101.848,100.054,100.995,100.075,101.034,101.383,92.052
11/1/2014,100.221,99.742,100.913,100.074,100.699,100.127,100.741,101.107,95.574
10/1/2014,100.429,99.793,101.346,100.29,100.781,100.339,100.833,101.277,97.09
9/1/2014,100.099,99.049,101.612,99.951,100.484,100.185,100.361,99.509,98.362
8/1/2014,99.53,97.084,103.055,99.371,99.733,99.503,99.743,99.872,98.353
7/1/2014,99.757,97.92,102.403,99.605,99.904,99.736,99.914,100.044,99.205
6/1/2014,100.45,99.672,101.571,100.316,100.83,100.566,100.679,99.62,99.091
5/1/2014,100.379,99.709,101.346,100.245,100.842,100.576,100.603,98.891,99.074
4/1/2014,100.507,99.787,101.547,100.378,100.865,100.601,100.738,99.855,99.133
3/1/2014,100.27,99.819,100.922,100.129,100.463,100.219,100.497,100.807,98.941
2/1/2014,98.92,97.445,101.046,98.727,98.685,98.629,99.002,101.406,99.21
1/1/2014,99.179,98.154,100.658,99.038,98.894,98.845,99.259,102.023,99.495
12/1/2013,100.564,100.314,100.925,100.544,100.735,100.433,100.848,101.747,98.578
11/1/2013,100.202,100.418,99.91,100.176,100.385,100.058,100.51,101.503,97.969
10/1/2013,100.425,100.473,100.371,100.41,100.62,100.3,100.725,101.557,98.28
9/1/2013,100.474,100.2,100.869,100.456,100.364,100.199,100.65,102.934,99.621
8/1/2013,99.889,98.63,101.665,99.855,99.377,99.289,100.03,105.245,99.403
7/1/2013,100.635,99.995,101.543,100.619,100.296,100.107,100.858,105.347,99.297
6/1/2013,100.873,100.779,101.017,100.864,100.82,100.511,101.186,104.111,98.596
5/1/2013,100.821,100.927,100.683,100.805,100.854,100.549,101.122,103.257,98.668
4/1/2013,100.649,100.758,100.506,100.634,100.782,100.578,100.84,101.294,99.637
3/1/2013,100.638,100.59,100.715,100.627,100.645,100.568,100.717,101.279,100.797
2/1/2013,99.002,98.223,100.105,98.942,98.579,98.747,98.881,101.291,101.224
1/1/2013,99.121,98.594,99.872,99.066,98.808,98.832,99.131,101.713,99.984
12/1/2012,100.368,100.284,100.497,100.359,100.538,100.314,100.577,100.876,99.177
11/1/2012,100.356,100.589,100,100.348,100.412,100.298,100.468,100.902,99.719
10/1/2012,100.673,101.015,100.149,100.679,100.431,100.595,100.542,101.402,101.427
9/1/2012,100.358,100.288,100.467,100.357,100.019,100.366,100.05,100.286,102.121
8/1/2012,99.736,99.01,100.852,99.717,99.332,99.63,99.491,100.727,101.138
7/1/2012,99.878,99.414,100.59,99.867,99.836,99.688,100.043,101.646,98.937
6/1/2012,99.894,99.811,100.021,99.887,100.177,99.896,100.142,99.869,98.477
5/1/2012,100.113,100.235,99.924,100.118,100.307,100.253,100.135,98.806,99.984
4/1/2012,100.465,100.913,99.777,100.486,100.468,100.652,100.27,98.728,101.584
3/1/2012,100.183,100.625,99.503,100.203,100.294,100.344,100.11,98.685,100.596
2/1/2012,99.028,98.8,99.377,99.027,99.051,99.019,99.058,99.11,98.855
1/1/2012,98.948,99.015,98.844,98.953,99.135,98.946,99.116,98.964,97.987
12/1/2011,98.478,99.092,97.535,98.484,99.281,98.536,99.127,97.935,94.767
11/1/2011,98.495,99.422,97.073,98.504,99.205,98.523,99.094,98.239,95.072
10/1/2011,98.573,99.427,97.262,98.585,99.374,98.616,99.237,98.175,94.775
9/1/2011,97.548,97.77,97.209,97.529,98.946,97.566,98.768,97.387,90.576
8/1/2011,96.759,96.16,97.68,96.715,97.994,96.699,97.916,97.315,90.145
7/1/2011,97.185,97.011,97.453,97.156,98.559,97.193,98.393,97.109,90.28
6/1/2011,97.258,97.503,96.881,97.229,98.696,97.274,98.515,97.109,90.073
5/1/2011,97.484,97.9,96.846,97.464,98.755,97.486,98.607,97.465,91.062
4/1/2011,97.534,98.005,96.81,97.521,98.768,97.558,98.601,97.305,91.436
3/1/2011,97.125,97.551,96.469,97.107,98.457,97.145,98.283,96.933,90.503
2/1/2011,95.587,95.237,96.126,95.532,96.9,95.521,96.821,96.206,88.538
1/1/2011,95.592,95.256,96.108,95.543,97.085,95.546,96.963,96.02,87.752
12/1/2010,95.045,94.974,95.155,94.985,97.11,94.984,96.94,95.618,84.217
11/1/2010,94.767,94.646,94.952,94.698,97.158,94.662,96.997,95.745,82.016
10/1/2010,94.601,94.349,94.985,94.527,97.042,94.448,96.925,96.019,81.308
9/1/2010,94.199,93.799,94.811,94.114,96.546,94.023,96.466,95.842,81.236
8/1/2010,94.027,93.24,95.228,93.937,96.224,93.773,96.243,96.395,81.352
7/1/2010,94.215,93.627,95.113,94.13,96.567,94.09,96.431,95.381,81.541
6/1/2010,94.055,93.834,94.392,93.966,96.482,93.977,96.288,94.781,81.282
5/1/2010,93.876,93.633,94.248,93.784,96.351,93.904,96.039,93.616,81.509
4/1/2010,93.749,93.521,94.097,93.655,96.232,93.767,95.929,93.573,81.282
3/1/2010,93.369,93.006,93.922,93.267,96.126,93.444,95.732,92.669,79.85
2/1/2010,92.298,91.254,93.89,92.182,95.091,92.282,94.789,92.444,78.044
1/1/2010,92.267,91.286,93.763,92.153,95.074,92.227,94.796,92.636,77.792
12/1/2009,92.713,91.831,94.06,92.628,96.201,92.881,95.625,91.149,76.047
11/1/2009,92.649,91.865,93.844,92.563,96.1,92.787,95.561,91.363,75.983
10/1/2009,92.431,91.43,93.959,92.34,96.097,92.567,95.534,91.162,74.666
9/1/2009,92.379,91.462,93.778,92.287,95.926,92.491,95.403,91.333,75.066
8/1/2009,92.201,90.924,94.149,92.107,95.499,92.282,95.037,91.44,75.967
7/1/2009,92.469,91.477,93.982,92.387,95.977,92.485,95.56,92.319,74.774
6/1/2009,92.963,92.472,93.711,92.896,96.338,92.874,96.047,93.784,75.306
5/1/2009,92.893,92.501,93.491,92.833,96.44,92.646,96.298,95.196,73.395
4/1/2009,93.075,92.773,93.536,93.025,96.723,92.724,96.68,96.353,72.429
3/1/2009,92.843,92.582,93.242,92.794,96.553,92.401,96.598,96.962,71.336
2/1/2009,92.111,91.527,93.003,92.05,95.436,91.53,95.674,97.53,71.712
1/1/2009,92.16,91.694,92.871,92.11,95.625,91.53,95.899,98.039,70.747
12/1/2008,92.756,92.69,92.856,92.741,96.464,92.293,96.533,97.079,71.124
11/1/2008,93.2,93.48,92.696,93.211,96.477,92.803,96.531,96.967,74.792
10/1/2008,93.798,94.314,92.883,93.858,96.553,93.409,96.663,97.502,78.767
9/1/2008,93.943,94.793,92.445,94.014,96.177,93.502,96.405,98.082,81.816
8/1/2008,93.444,94.028,92.408,93.497,95.243,92.806,95.725,99.217,82.575
7/1/2008,93.918,94.984,92.041,94,95.444,93.27,95.971,99.783,84.715
6/1/2008,94.465,95.895,91.954,94.587,96.028,93.815,96.553,100.355,85.045
5/1/2008,93.994,95.231,91.82,94.099,95.954,93.545,96.224,98.203,83.533
4/1/2008,93.584,94.617,91.765,93.682,95.85,93.145,96.071,97.701,81.25
3/1/2008,93.292,94.216,91.664,93.388,95.649,92.843,95.869,97.493,80.296
2/1/2008,91.931,92.278,91.311,91.98,94.123,91.393,94.455,96.875,79.242
1/1/2008,91.922,92.387,91.093,91.989,93.97,91.277,94.428,97.746,79.355
12/1/2007,92.038,93.111,90.149,92.135,94.581,91.581,94.786,96.298,77.744
11/1/2007,91.934,92.968,90.116,92.031,94.453,91.432,94.707,96.576,77.454
10/1/2007,91.616,92.496,90.066,91.704,94.302,91.044,94.606,96.837,75.55
9/1/2007,91.115,91.843,89.833,91.182,93.653,90.51,94.009,96.606,75.712
8/1/2007,90.709,91.201,89.841,90.757,92.975,89.925,93.548,97.699,75.676
7/1/2007,91.14,91.991,89.641,91.218,93.463,90.438,93.946,97.45,76.373
6/1/2007,91.404,92.519,89.441,91.512,93.822,90.721,94.273,97.554,76.2
5/1/2007,91.451,92.645,89.351,91.567,93.846,90.706,94.364,98.125,75.929
4/1/2007,91.318,92.509,89.223,91.439,93.781,90.489,94.376,98.69,74.746
3/1/2007,90.491,91.629,88.489,90.584,93.069,89.737,93.573,97.229,73.699
2/1/2007,89.375,89.969,88.329,89.428,91.716,88.392,92.483,98.03,72.326
1/1/2007,89.39,90.146,88.061,89.461,91.595,88.286,92.503,99.063,72.311
12/1/2006,89.635,90.849,87.498,89.739,92.338,88.754,92.956,97.433,71.067
11/1/2006,89.437,90.552,87.477,89.545,92.293,88.684,92.762,96.167,70.832
10/1/2006,89.316,90.344,87.509,89.422,92.182,88.627,92.583,95.503,71.122
9/1/2006,89.253,90.336,87.348,89.364,91.758,88.58,92.187,95.303,73.458
8/1/2006,88.882,89.819,87.233,88.977,90.872,88.079,91.497,96.024,75.368
7/1/2006,89.019,90.142,87.043,89.127,91.245,88.366,91.687,94.9,75.131
6/1/2006,89.226,90.623,86.767,89.354,91.6,88.541,92.057,95.376,74.174
5/1/2006,89.268,90.719,86.714,89.406,91.702,88.672,92.062,94.675,74.49
4/1/2006,88.886,90.19,86.592,89.01,91.583,88.42,91.777,93.199,73.381
3/1/2006,88.429,89.593,86.382,88.54,91.365,88.002,91.489,92.414,71.676
2/1/2006,87.327,88.048,86.061,87.401,89.909,86.737,90.243,92.671,71.549
1/1/2006,87.148,87.893,85.839,87.243,89.796,86.526,90.154,92.763,70.701
12/1/2005,87.442,88.66,85.3,87.572,90.464,86.859,90.737,92.734,68.931
11/1/2005,87.356,88.542,85.269,87.485,90.398,86.906,90.533,91.53,69.695
10/1/2005,86.991,88.019,85.185,87.109,89.701,86.58,89.836,90.838,71.707
9/1/2005,86.586,87.496,84.986,86.687,89.155,86.05,89.435,91.476,71.245
8/1/2005,86.42,87.198,85.054,86.522,89.044,85.727,89.478,92.629,69.56
7/1/2005,86.325,87.308,84.597,86.431,89.17,85.753,89.453,91.515,68.954
6/1/2005,86.066,87.122,84.209,86.176,89.247,85.496,89.487,91.245,66.563
5/1/2005,86.045,87.148,84.105,86.163,89.235,85.336,89.616,92.385,65.459
4/1/2005,85.688,86.73,83.857,85.799,88.775,84.989,89.159,91.95,65.805
3/1/2005,85.109,85.87,83.773,85.201,88.254,84.33,88.713,92.038,64.231
2/1/2005,84.819,85.569,83.502,84.914,88.124,84.097,88.504,91.27,63.334
1/1/2005,84.855,85.813,83.172,84.97,88.274,84.124,88.649,91.376,62.582
12/1/2004,85.242,86.631,82.798,85.402,88.655,84.529,89.013,91.62,63.163
11/1/2004,85.176,86.522,82.809,85.337,88.558,84.536,88.845,90.938,63.829
10/1/2004,84.713,85.807,82.79,84.859,87.928,83.936,88.375,91.625,63.387
9/1/2004,84.17,85.142,82.462,84.294,87.42,83.341,87.917,91.517,62.202
8/1/2004,84.237,85.271,82.419,84.366,87.377,83.301,87.996,92.479,62.181
7/1/2004,84.531,85.875,82.164,84.681,87.71,83.503,88.418,93.538,61.568
6/1/2004,84.691,86.154,82.116,84.85,88.06,83.841,88.563,92.214,61.844
5/1/2004,84.501,86.173,81.558,84.654,87.815,83.56,88.418,92.785,61.322
4/1/2004,83.952,85.4,81.404,84.087,87.274,82.908,87.982,93.101,59.927
3/1/2004,83.244,84.371,81.26,83.364,86.585,82.229,87.259,92.14,59.275
2/1/2004,83.052,84.076,81.251,83.173,86.49,82.049,87.141,91.851,58.543
1/1/2004,83.178,84.547,80.768,83.319,86.632,82.119,87.338,92.445,58.16
12/1/2003,83.173,84.927,80.083,83.353,86.746,82.152,87.398,92.116,57.686
11/1/2003,83.125,84.926,79.954,83.305,86.677,82.094,87.342,92.16,57.693
10/1/2003,82.895,84.513,80.048,83.065,86.218,81.76,87.018,92.804,58.134
9/1/2003,82.447,84.113,79.513,82.595,85.589,81.226,86.498,93.072,58.171
8/1/2003,82.291,83.988,79.303,82.433,85.457,81.051,86.383,93.074,57.715
7/1/2003,82.251,84.086,79.018,82.4,85.593,81.188,86.316,91.543,57.865
6/1/2003,82.493,84.579,78.818,82.659,85.746,81.401,86.509,92.029,58.473
5/1/2003,82.497,84.677,78.658,82.672,85.632,81.384,86.432,92.215,59.068
4/1/2003,82.035,84.06,78.47,82.196,85.093,80.926,85.899,91.724,59.092
3/1/2003,81.409,83.214,78.231,81.544,84.395,80.307,85.202,91.034,58.937
2/1/2003,81.352,83.177,78.139,81.494,84.271,80.061,85.279,92.559,57.907
1/1/2003,81.365,83.402,77.778,81.525,84.47,80.147,85.38,91.959,57.285
12/1/2002,81.245,83.547,77.191,81.431,84.671,80.263,85.301,89.862,56.865
11/1/2002,81.133,83.482,76.993,81.315,84.511,80.117,85.182,89.999,56.801
10/1/2002,80.549,82.641,76.875,80.711,83.918,79.503,84.619,89.622,56.024
9/1/2002,80.033,82.104,76.396,80.175,83.311,78.969,84.041,89.224,55.919
8/1/2002,80.08,82.26,76.247,80.243,83.192,78.87,84.093,90.358,55.938
7/1/2002,80.021,82.458,75.719,80.202,83.132,78.837,84.006,90.102,56.077
6/1/2002,79.884,82.505,75.244,80.074,82.962,78.691,83.85,90.026,56.068
5/1/2002,79.627,82.332,74.833,79.822,82.613,78.388,83.56,90.11,56.038
4/1/2002,79.105,81.665,74.576,79.292,82.074,77.7,83.191,90.806,54.384
3/1/2002,78.468,80.885,74.198,78.634,81.327,76.994,82.527,90.663,53.904
2/1/2002,78.131,80.711,73.563,78.297,80.927,76.618,82.174,90.603,53.655
1/1/2002,78.266,81.235,72.987,78.463,80.997,76.686,82.322,91.241,53.709
12/1/2001,78.141,81.525,72.102,78.372,80.873,76.728,82.028,89.872,54.791
11/1/2001,77.988,81.267,72.143,78.215,80.752,76.625,81.852,89.352,54.798
10/1/2001,77.473,80.578,71.942,77.68,80.096,76.062,81.263,89.181,54.783
9/1/2001,77.174,80.328,71.554,77.375,79.561,75.586,80.938,90.179,54.653
8/1/2001,77.201,80.447,71.412,77.409,79.379,75.432,80.968,91.543,54.659
7/1/2001,77.35,80.765,71.253,77.571,79.528,75.559,81.139,91.859,54.658
6/1/2001,77.263,80.751,71.035,77.482,79.451,75.503,81.03,91.547,54.729
5/1/2001,77.062,80.529,70.87,77.28,79.259,75.345,80.793,91.022,54.773
4/1/2001,76.423,79.665,70.642,76.631,78.6,74.797,80.044,89.705,54.891
3/1/2001,75.994,79.16,70.349,76.198,77.981,74.279,79.54,89.92,54.97
2/1/2001,75.662,78.798,70.074,75.861,77.793,74.116,79.162,88.338,54.96
1/1/2001,75.569,78.964,69.507,75.78,77.911,74.205,79.066,86.9,54.877
12/1/2000,75.292,78.897,68.846,75.526,77.891,74.034,78.904,85.838,53.759
11/1/2000,75.013,78.474,68.83,75.237,77.827,73.943,78.621,84.172,53.491
10/1/2000,74.425,77.641,68.688,74.626,77.231,73.377,78.003,83.409,53.085
9/1/2000,74.123,77.28,68.491,74.311,76.827,73.017,77.671,83.527,52.974
8/1/2000,74.19,77.483,68.31,74.389,76.691,72.902,77.746,84.937,52.987
7/1/2000,74.161,77.497,68.204,74.364,76.906,73.067,77.733,83.479,52.85
6/1/2000,73.918,77.293,67.889,74.117,76.781,72.947,77.467,82.327,52.752
5/1/2000,73.55,76.88,67.602,73.747,76.565,72.734,77.073,80.807,52.553
4/1/2000,73.138,76.432,67.257,73.327,75.939,72.177,76.622,81.461,52.394
3/1/2000,72.295,75.274,66.985,72.45,75.424,71.374,76.02,80.307,49.758
2/1/2000,72.186,75.242,66.736,72.344,75.248,71.199,75.92,80.68,49.584
1/1/2000,72.351,75.698,66.369,72.536,75.53,71.429,76.12,80.366,49.504
12/1/1999,72.493,76.123,65.995,72.711,75.761,71.617,76.293,80.175,49.43
11/1/1999,72.313,75.865,65.958,72.526,75.686,71.532,76.108,79.293,49.279
10/1/1999,71.894,75.287,65.829,72.091,75.121,71.037,75.639,79.428,49.196
9/1/1999,71.697,75.22,65.393,71.889,74.708,70.676,75.421,80.434,49.137
8/1/1999,71.713,75.32,65.255,71.911,74.666,70.648,75.431,80.772,49.198
7/1/1999,71.825,75.543,65.164,72.041,74.89,70.839,75.559,80.302,49.195
6/1/1999,71.841,75.641,65.032,72.059,74.836,70.783,75.588,80.853,49.122
5/1/1999,71.731,75.527,64.93,71.945,74.734,70.696,75.463,80.577,49.119
4/1/1999,71.646,75.478,64.779,71.869,74.34,70.36,75.364,82.343,49.13
3/1/1999,71.193,74.883,64.584,71.405,73.853,69.943,74.845,81.616,49.125
2/1/1999,70.89,74.55,64.334,71.095,73.617,69.74,74.497,80.562,49.124
1/1/1999,70.867,74.802,63.811,71.081,73.638,69.75,74.48,80.305,49.063
12/1/1998,71.101,75.305,63.55,71.345,73.84,70.04,74.63,80.124,49.911
11/1/1998,70.851,74.932,63.527,71.086,73.723,69.967,74.316,78.564,50.111
10/1/1998,70.504,74.43,63.461,70.728,73.219,69.542,73.911,78.783,50.156
9/1/1998,70.253,74.132,63.295,70.466,72.898,69.267,73.623,78.705,50.154
8/1/1998,70.337,74.339,63.156,70.557,72.831,69.209,73.721,79.841,50.152
7/1/1998,70.325,74.489,62.846,70.562,72.938,69.303,73.704,79.046,50.166
6/1/1998,70.179,74.36,62.671,70.41,72.799,69.183,73.539,78.714,50.157
5/1/1998,70.089,74.277,62.566,70.326,72.694,69.103,73.424,78.536,50.233
4/1/1998,69.655,73.682,62.428,69.883,72.208,68.688,72.928,77.967,50.232
3/1/1998,69.161,73.053,62.176,69.377,71.723,68.272,72.361,76.878,50.227
2/1/1998,68.975,72.928,61.881,69.192,71.509,68.093,72.144,76.644,50.259
1/1/1998,69.006,73.207,61.46,69.235,71.633,68.153,72.226,76.463,49.926
12/1/1997,68.913,73.468,60.719,69.167,71.627,68.147,72.12,75.725,49.915
11/1/1997,68.751,73.229,60.67,68.994,71.57,68.096,71.939,74.871,49.915
10/1/1997,68.479,72.833,60.584,68.699,71.467,68.005,71.637,73.482,49.916
9/1/1997,68.516,72.965,60.482,68.745,71.398,67.944,71.678,74.121,49.912
8/1/1997,68.559,73.144,60.329,68.795,71.35,67.902,71.726,74.689,49.909
7/1/1997,68.232,72.673,60.217,68.439,71.266,67.827,71.362,72.8,49.904
6/1/1997,68.213,72.673,60.171,68.422,71.217,67.783,71.341,72.935,49.896
5/1/1997,68.393,73.044,60.075,68.632,71.174,67.744,71.544,74.472,49.884
4/1/1997,67.98,72.497,59.862,68.181,71.038,67.623,71.084,72.248,49.871
3/1/1997,67.871,72.456,59.659,68.072,70.962,67.555,70.964,71.885,49.86
2/1/1997,67.782,72.518,59.355,67.984,70.799,67.388,70.885,72.269,49.637
1/1/1997,67.667,72.665,58.87,67.874,70.596,67.18,70.786,72.726,49.343
12/1/1996,67.259,72.391,58.28,67.625,70.309,66.866,70.389,71.727,48.722
11/1/1996,67.227,72.156,58.537,67.593,70.377,66.915,70.364,71.194,48.601
10/1/1996,67.103,72.201,58.176,67.458,70.125,66.657,70.259,71.892,48.246
9/1/1996,67.14,72.405,57.972,67.503,69.98,66.478,70.349,73.259,47.73
8/1/1996,67.147,72.46,57.913,67.513,69.9,66.4,70.365,73.794,47.646
7/1/1996,66.951,72.238,57.757,67.301,69.756,66.272,70.146,73.164,47.645
6/1/1996,66.852,72.09,57.731,67.196,69.686,66.214,70.032,72.812,47.687
5/1/1996,66.883,72.328,57.465,67.239,69.47,66.024,70.067,74.207,47.684
4/1/1996,66.632,71.978,57.361,66.965,69.382,65.898,69.831,73.173,47.206
3/1/1996,66.101,71.318,57.027,66.381,69.072,65.611,69.253,71.128,47.061
2/1/1996,65.868,71.223,56.602,66.131,68.71,65.289,68.995,71.433,47.045
1/1/1996,65.483,70.923,56.107,65.712,68.325,64.919,68.596,70.954,46.73
12/1/1995,65.179,70.713,55.675,65.515,67.981,64.597,68.274,70.743,46.552
11/1/1995,65.246,70.693,55.865,65.595,68.041,64.651,68.348,70.896,46.554
10/1/1995,65.2,70.629,55.845,65.548,67.929,64.564,68.285,71.099,46.674
9/1/1995,64.977,70.445,55.573,65.305,67.644,64.31,68.039,71.061,46.659
8/1/1995,64.889,70.42,55.397,65.211,67.444,64.119,67.955,71.606,46.507
7/1/1995,64.621,70.087,55.227,64.92,67.329,64.044,67.63,70.135,46.781
6/1/1995,64.6,70.16,55.072,64.903,67.182,63.928,67.594,70.703,46.917
5/1/1995,64.738,70.5,54.918,65.066,67.033,63.783,67.761,72.588,46.788
4/1/1995,64.788,70.703,54.749,65.136,66.85,63.6,67.837,74.07,46.569
3/1/1995,64.51,70.447,54.447,64.839,66.507,63.283,67.541,74.027,46.421
2/1/1995,64.211,70.133,54.175,64.522,66.179,63.005,67.195,73.581,46.546
1/1/1995,63.847,69.849,53.706,64.136,65.775,62.639,66.799,73.223,46.45
12/1/1994,62.947,69.031,52.71,63.366,65.068,61.956,65.853,70.96,45.846
11/1/1994,62.756,68.749,52.655,63.161,64.974,61.883,65.63,70.04,45.957
10/1/1994,62.634,68.637,52.52,63.03,64.812,61.741,65.493,70.035,45.962
9/1/1994,62.393,68.504,52.132,62.769,64.436,61.421,65.213,70.277,46.084
8/1/1994,62.336,68.52,51.97,62.709,64.307,61.309,65.147,70.549,46.102
7/1/1994,62.221,68.453,51.791,62.594,64.148,61.169,65.019,70.59,46.111
6/1/1994,62.116,68.378,51.646,62.484,64.02,61.058,64.901,70.52,46.125
5/1/1994,62.029,68.36,51.461,62.397,63.88,60.944,64.793,70.589,46.234
4/1/1994,61.89,68.233,51.307,62.258,63.755,60.835,64.638,70.263,46.241
3/1/1994,61.542,67.793,51.101,61.889,63.478,60.581,64.259,69.331,46.139
2/1/1994,61.402,67.772,50.794,61.759,63.212,60.344,64.105,69.782,46.123
1/1/1994,61.066,67.575,50.268,61.41,62.742,59.925,63.734,69.947,46.086
12/1/1993,60.329,67.097,49.178,60.923,61.871,59.103,62.963,69.708,45.552
11/1/1993,60.175,66.832,49.187,60.76,61.762,59.008,62.792,69.191,45.551
10/1/1993,59.803,66.374,48.945,60.356,61.364,58.656,62.376,68.677,45.55
9/1/1993,59.485,66.026,48.679,60.01,61.017,58.35,62.022,68.279,45.557
8/1/1993,59.316,65.794,48.603,59.828,60.845,58.198,61.833,68,45.557
7/1/1993,59.087,65.648,48.261,59.587,60.55,57.935,61.581,67.974,45.527
6/1/1993,58.742,65.139,48.161,59.211,60.404,57.789,61.213,66.396,45.357
5/1/1993,58.608,65.057,47.954,59.075,60.235,57.504,61.193,67.184,43.974
4/1/1993,58.335,64.868,47.567,58.789,59.897,57.18,60.913,67.215,43.714
3/1/1993,58.007,64.683,47.044,58.452,59.464,56.776,60.569,67.348,43.487
2/1/1993,57.775,64.499,46.749,58.218,59.105,56.458,60.31,67.633,43.484
1/1/1993,57.347,64.201,46.146,57.765,58.538,55.944,59.847,67.73,43.341
12/1/1992,56.535,63.864,44.674,57.231,57.555,54.996,59.018,67.727,42.527
11/1/1992,56.316,63.627,44.486,57.002,57.377,54.838,58.775,67.126,42.526
10/1/1992,56.13,63.435,44.312,56.804,57.017,54.52,58.568,67.747,42.522
9/1/1992,55.937,63.283,44.066,56.6,56.585,54.138,58.353,68.71,42.514
8/1/1992,55.928,63.415,43.854,56.597,56.402,53.976,58.343,69.636,42.512
7/1/1992,55.679,63.174,43.602,56.342,56.162,53.765,58.065,69.151,42.52
6/1/1992,55.442,62.911,43.406,56.088,55.91,53.54,57.803,68.829,42.494
5/1/1992,55.225,62.875,42.936,55.868,55.479,53.159,57.562,69.617,42.495
4/1/1992,54.749,62.315,42.592,55.365,54.712,52.478,57.035,70.386,42.45
3/1/1992,53.93,61.236,42.164,54.484,53.978,51.835,56.117,68.46,42.507
2/1/1992,53.419,60.745,41.638,53.949,53.388,51.314,55.549,68,42.503
1/1/1992,52.804,60.158,40.997,53.303,52.679,50.553,54.991,68.258,41.129
12/1/1991,51.901,59.752,39.403,52.856,51.606,49.58,54.009,67.757,40.874
11/1/1991,51.59,59.41,39.146,52.527,51.31,49.296,53.684,67.274,40.644
10/1/1991,51.339,59.081,39.013,52.261,50.945,48.971,53.407,67.47,40.613
9/1/1991,51.054,58.715,38.852,51.957,50.577,48.64,53.096,67.46,40.553
8/1/1991,50.956,58.746,38.57,51.854,50.307,48.403,52.985,68.216,40.563
7/1/1991,50.623,58.423,38.232,51.51,50.006,48.14,52.611,67.441,40.595
6/1/1991,50.394,58.249,37.928,51.27,49.729,47.904,52.348,67.248,40.675
5/1/1991,50.062,57.91,37.616,50.926,49.42,47.647,51.963,66.445,40.846
4/1/1991,49.7,57.518,37.306,50.549,49.073,47.352,51.549,65.66,40.959
3/1/1991,49.358,57.208,36.927,50.208,48.603,46.924,51.18,65.837,40.826
2/1/1991,49.085,56.997,36.571,49.945,48.178,46.599,50.828,65.877,41.34
1/1/1991,48.263,56.296,35.594,49.076,47.414,45.788,50.041,64.957,39.952
12/1/1990,47.236,55.933,33.644,48.635,46.11,44.632,48.901,64.695,39.905
11/1/1990,46.869,55.475,33.421,48.239,45.888,44.434,48.497,63.342,39.915
10/1/1990,46.574,55.102,33.25,47.926,45.425,43.938,48.247,64.181,38.936
9/1/1990,46.066,54.488,32.908,47.374,45.029,43.533,47.734,63.053,38.331
8/1/1990,45.581,53.842,32.681,46.849,44.612,42.964,47.383,63.025,35.951
7/1/1990,45.065,53.244,32.293,46.298,44.067,42.472,46.819,62.342,35.918
6/1/1990,44.757,52.867,32.092,45.966,43.682,42.07,46.532,62.552,35.226
5/1/1990,44.639,52.737,31.993,45.852,43.532,41.935,46.404,62.529,35.215
4/1/1990,44.181,52.349,31.414,45.362,43.043,41.496,45.901,61.94,35.207
3/1/1990,43.688,51.804,30.996,44.84,42.659,41.108,45.397,60.81,34.689
2/1/1990,43.425,51.342,31.06,44.57,42.552,40.942,45.175,59.987,33.832
1/1/1990,42.499,50.722,29.613,43.575,41.577,40.066,44.157,58.722,33.81
12/1/1989,41.459,49.968,28.085,42.789,40.508,39.037,43.078,57.562,32.965
11/1/1989,41.033,49.404,27.88,42.327,40.294,38.845,42.609,55.773,32.966
10/1/1989,40.665,48.935,27.672,41.926,39.95,38.536,42.205,55.048,32.958
9/1/1989,40.46,48.722,27.478,41.707,39.629,38.249,41.98,55.306,32.958
8/1/1989,40.353,48.611,27.374,41.593,39.44,38.079,41.862,55.547,32.959
7/1/1989,39.707,47.779,27.025,40.893,39.03,37.709,41.154,53.295,32.928
6/1/1989,39.349,47.28,26.894,40.506,38.847,37.449,40.849,52.356,31.766
5/1/1989,39.092,46.93,26.788,40.232,38.611,37.242,40.563,51.802,31.818
4/1/1989,39.033,46.895,26.687,40.176,38.445,36.993,40.591,52.823,30.605
3/1/1989,38.647,46.465,26.366,39.765,37.939,36.533,40.171,52.832,30.535
2/1/1989,38.308,46.039,26.166,39.407,37.723,36.333,39.804,51.686,30.457
1/1/1989,37.812,45.679,25.437,38.884,37.068,35.697,39.304,51.958,29.858
12/1/1988,37.146,45.175,24.494,38.39,36.195,34.862,38.62,52.221,29.227
11/1/1988,36.722,44.616,24.286,37.93,35.826,34.528,38.158,51.267,29.178
10/1/1988,36.228,43.96,24.052,37.391,35.222,33.986,37.615,51.021,29.178
9/1/1988,35.91,43.533,23.908,37.047,34.745,33.557,37.265,51.311,29.17
8/1/1988,35.552,43.126,23.625,36.657,34.33,33.185,36.871,51.016,29.17
7/1/1988,35.102,42.504,23.452,36.174,33.982,32.874,36.376,49.751,29.178
6/1/1988,34.825,42.173,23.258,35.875,33.718,32.637,36.071,49.227,29.17
5/1/1988,34.661,41.955,23.182,35.703,33.638,32.564,35.892,48.531,29.164
4/1/1988,34.56,41.976,22.879,35.602,33.353,32.287,35.801,49.435,28.9
3/1/1988,34.438,41.839,22.779,35.484,33.176,32.128,35.667,49.517,28.901
2/1/1988,34.2,41.611,22.521,35.238,32.971,31.946,35.404,48.947,28.915
1/1/1988,33.746,41.031,22.267,34.757,32.636,31.577,34.968,47.981,28.085
12/1/1987,33.246,40.782,21.346,34.469,31.999,30.995,34.428,47.923,27.961
11/1/1987,32.806,40.157,21.284,33.99,31.802,30.839,33.906,46.278,27.962
10/1/1987,32.704,40.037,21.203,33.88,31.539,30.621,33.792,46.618,27.922
9/1/1987,32.342,39.59,20.98,33.487,31.18,30.24,33.448,46.268,27.443
8/1/1987,32.245,39.46,20.946,33.383,31.017,30.106,33.338,46.306,27.418
7/1/1987,31.911,39.025,20.798,33.024,30.883,29.999,32.942,45.009,27.417
6/1/1987,31.833,38.94,20.719,32.941,30.699,29.8,32.896,45.397,27.152
5/1/1987,31.904,39.082,20.624,33.026,30.598,29.719,32.981,46.086,27.152
4/1/1987,31.881,39.093,20.507,33.007,30.445,29.578,32.972,46.532,27.051
3/1/1987,31.708,38.881,20.395,32.827,30.275,29.415,32.791,46.287,26.915
2/1/1987,31.293,38.356,20.17,32.383,30.023,29.213,32.3,44.954,26.908
1/1/1987,30.942,37.906,19.992,32.009,29.797,29.025,31.89,43.887,26.87
12/1/1986,30.484,37.462,19.392,31.69,29.393,28.585,31.454,43.28,26.267
11/1/1986,29.979,36.806,19.165,31.142,28.828,28.057,30.927,42.783,25.873
10/1/1986,29.734,36.474,19.089,30.877,28.567,27.866,30.62,42.283,25.961
9/1/1986,29.525,36.278,18.8,30.652,28.187,27.572,30.365,42.378,26.005
8/1/1986,29.379,36.088,18.735,30.495,27.911,27.351,30.191,42.505,26.007
7/1/1986,29.121,35.795,18.506,30.221,27.763,27.232,29.886,41.645,26
6/1/1986,29.101,35.785,18.457,30.204,27.693,27.168,29.87,41.8,25.957
5/1/1986,29.007,35.687,18.351,30.11,27.528,27.04,29.756,41.827,25.974
4/1/1986,29.121,35.903,18.226,30.243,27.434,27.034,29.826,42.433,26.33
3/1/1986,28.747,35.395,18.114,29.848,27.232,26.844,29.41,41.267,26.182
2/1/1986,28.4,34.971,17.887,29.482,26.973,26.561,29.068,40.602,25.793
1/1/1986,28.046,34.572,17.568,29.111,26.655,26.307,28.648,39.786,25.793
12/1/1985,27.309,33.916,16.452,28.558,25.807,25.493,27.9,39.231,25.088
11/1/1985,26.89,33.358,16.297,28.101,25.424,25.003,27.572,39.023,24.144
10/1/1985,26.488,32.788,16.238,27.662,25.009,24.607,27.155,38.528,23.812
9/1/1985,26.218,32.488,15.984,27.369,24.604,24.264,26.852,38.503,23.709
8/1/1985,26.168,32.431,15.944,27.317,24.401,24.103,26.793,38.893,23.713
7/1/1985,25.963,32.173,15.827,27.097,24.249,23.979,26.552,38.326,23.703
6/1/1985,25.875,32.087,15.714,27.003,24.069,23.813,26.468,38.536,23.588
5/1/1985,25.838,32.08,15.588,26.967,23.892,23.679,26.417,38.875,23.626
4/1/1985,25.775,32.08,15.347,26.902,23.634,23.475,26.341,39.365,23.632
3/1/1985,25.491,31.644,15.394,26.598,23.421,23.288,26.02,38.646,23.545
2/1/1985,25.079,31.188,15.001,26.155,23.044,22.899,25.612,38.073,23.094
1/1/1985,24.41,30.364,14.581,25.431,22.573,22.223,25.094,37.319,21.558
12/1/1984,23.366,29.071,13.943,24.424,21.696,21.341,24.023,35.448,20.623
11/1/1984,23.149,28.79,13.841,24.189,21.44,21.132,23.769,35.161,20.6
10/1/1984,22.797,28.316,13.728,23.805,21.048,20.817,23.354,34.602,20.593
9/1/1984,22.599,28.078,13.585,23.59,20.722,20.551,23.124,34.64,20.561
8/1/1984,22.524,28.033,13.414,23.509,20.455,20.338,23.035,35.102,20.558
7/1/1984,22.134,27.532,13.225,23.088,20.17,20.098,22.585,34.051,20.494
6/1/1984,21.58,26.714,13.224,22.482,19.757,19.712,21.979,32.728,20.205
5/1/1984,20.936,25.84,13.032,21.78,19.283,19.019,21.504,32.172,18.594
4/1/1984,21.1,26.15,12.855,21.965,18.798,18.631,21.698,34.563,18.594
3/1/1984,20.716,25.7,12.552,21.551,18.402,18.313,21.246,33.85,18.576
2/1/1984,19.994,24.685,12.424,20.767,18.156,17.982,20.512,31.443,17.892
1/1/1984,19.677,24.297,12.219,20.428,17.836,17.573,20.277,31.44,17.101
12/1/1983,19.263,23.915,11.629,20.125,17.36,17.176,19.802,30.889,17.019
11/1/1983,18.576,23,11.373,19.373,16.976,16.87,18.987,28.566,17.017
10/1/1983,18.174,22.447,11.269,18.932,16.6,16.51,18.564,27.923,16.714
9/1/1983,17.83,22.025,11.047,18.556,16.206,16.175,18.175,27.485,16.606
8/1/1983,17.25,21.222,10.916,17.921,15.736,15.6,17.671,26.788,15.582
7/1/1983,16.724,20.571,10.593,17.346,15.408,15.271,17.109,25.387,15.238
6/1/1983,16.392,20.093,10.561,16.983,15.184,14.922,16.871,25.063,14.368
5/1/1983,16.127,19.756,10.422,16.694,14.713,14.547,16.555,25.189,14.372
4/1/1983,16.132,19.811,10.3,16.702,14.55,14.417,16.562,25.738,14.369
3/1/1983,15.797,19.395,10.097,16.336,14.304,14.208,16.176,24.841,14.304
2/1/1983,15.431,18.961,9.825,15.938,13.99,13.956,15.743,23.958,14.298
1/1/1983,15.11,18.546,9.674,15.589,13.806,13.675,15.486,23.425,13.608
12/1/1982,14.563,17.819,9.465,15.034,13.65,13.202,15.156,22.485,11.826
11/1/1982,14.203,17.323,9.376,14.641,13.492,13.077,14.729,21.13,11.831
10/1/1982,14.085,17.183,9.288,14.512,13.315,12.935,14.588,21.083,11.831
9/1/1982,13.998,17.105,9.158,14.418,13.109,12.73,14.523,21.453,11.622
8/1/1982,13.83,16.859,9.153,14.234,12.998,12.627,14.337,20.998,11.546
7/1/1982,13.606,16.568,9.051,13.99,12.878,12.531,14.071,20.222,11.547
6/1/1982,13.613,16.588,9.027,13.999,12.788,12.435,14.102,20.644,11.422
5/1/1982,13.484,16.469,8.843,13.859,12.65,12.278,13.992,20.605,11.182
4/1/1982,13.477,16.486,8.771,13.853,12.539,12.186,13.987,20.937,11.164
3/1/1982,13.228,16.162,8.658,13.582,12.146,11.86,13.702,20.949,11.101
2/1/1982,12.902,15.732,8.526,13.227,12.002,11.733,13.327,19.773,11.037
1/1/1982,12.567,15.272,8.441,12.863,11.855,11.512,13.025,18.927,10.508
12/1/1981,12.322,14.993,8.229,12.638,11.63,11.21,12.847,18.872,9.876
11/1/1981,12.037,14.608,8.135,12.326,11.374,10.969,12.542,18.359,9.693
10/1/1981,11.901,14.434,8.066,12.177,11.177,10.798,12.393,18.34,9.62
9/1/1981,11.703,14.178,7.975,11.961,10.986,10.628,12.175,17.999,9.53
8/1/1981,11.533,13.936,7.953,11.776,10.88,10.441,12.067,17.867,9.008
7/1/1981,11.249,13.548,7.874,11.466,10.786,10.363,11.734,16.714,8.99
6/1/1981,10.967,13.141,7.849,11.157,10.686,10.204,11.471,15.888,8.585
5/1/1981,10.889,13.043,7.805,11.072,10.538,10.085,11.379,15.96,8.58
4/1/1981,10.818,12.964,7.74,10.997,10.359,9.935,11.302,16.195,8.546
3/1/1981,10.552,12.603,7.658,10.707,9.994,9.64,10.99,16,8.523
2/1/1981,10.414,12.435,7.565,10.558,9.885,9.53,10.847,15.725,8.405
1/1/1981,10.259,12.225,7.518,10.39,9.77,9.392,10.705,15.474,8.172
12/1/1980,9.964,11.938,7.134,10.107,9.544,9.123,10.436,15.023,7.718
11/1/1980,9.71,11.578,7.096,9.829,9.393,8.906,10.224,14.58,7.222
10/1/1980,9.655,11.513,7.054,9.77,9.292,8.825,10.158,14.618,7.224
9/1/1980,9.561,11.395,7,9.667,9.128,8.695,10.047,14.653,7.223
8/1/1980,9.54,11.379,6.963,9.645,9.145,8.708,10.022,14.491,7.223
7/1/1980,9.446,11.278,6.863,9.543,9.077,8.654,9.911,14.223,7.222
6/1/1980,9.355,11.142,6.87,9.445,8.952,8.554,9.803,14.154,7.222
5/1/1980,9.267,11.032,6.819,9.349,8.879,8.495,9.699,13.932,7.22
4/1/1980,9.273,11.067,6.752,9.357,8.779,8.415,9.707,14.284,7.219
3/1/1980,9.197,10.963,6.727,9.275,8.68,8.336,9.616,14.205,7.216
2/1/1980,9.071,10.804,6.661,9.14,8.572,8.208,9.506,14.068,7.001
1/1/1980,8.905,10.587,6.59,8.96,8.422,8,9.389,14.04,6.553
12/1/1979,8.818,10.524,6.42,8.903,8.351,7.944,9.286,13.815,6.553
11/1/1979,8.705,10.366,6.398,8.78,8.322,7.88,9.19,13.489,6.344
10/1/1979,8.619,10.262,6.338,8.686,8.256,7.813,9.1,13.308,6.272
9/1/1979,8.441,10.035,6.245,8.491,8.119,7.606,8.978,13.215,5.773
8/1/1979,8.263,9.808,6.156,8.297,7.985,7.401,8.857,13.115,5.269
7/1/1979,8.094,9.586,6.084,8.112,7.898,7.332,8.657,12.52,5.269
6/1/1979,8.069,9.542,6.101,8.085,7.916,7.346,8.627,12.333,5.269
5/1/1979,8.036,9.52,6.034,8.051,7.832,7.279,8.588,12.434,5.27
4/1/1979,7.815,9.215,5.978,7.809,7.67,7.15,8.326,11.806,5.27
3/1/1979,7.607,8.925,5.936,7.583,7.455,6.978,8.079,11.419,5.27
2/1/1979,7.487,8.775,5.867,7.453,7.404,6.937,7.937,10.961,5.271
1/1/1979,7.362,8.625,5.777,7.318,7.347,6.892,7.788,10.495,5.271
12/1/1978,7.296,8.557,5.701,7.279,7.314,6.858,7.718,10.294,5.229
11/1/1978,7.171,8.391,5.654,7.142,7.238,6.794,7.572,9.902,5.212
10/1/1978,7.093,8.305,5.579,7.058,7.024,6.623,7.48,10.183,5.212
9/1/1978,6.887,8.033,5.498,6.833,6.912,6.464,7.301,9.758,4.852
8/1/1978,6.793,7.908,5.461,6.729,6.835,6.402,7.188,9.516,4.852
7/1/1978,6.715,7.821,5.387,6.645,6.707,6.298,7.097,9.528,4.843
6/1/1978,6.589,7.69,5.245,6.508,6.6,6.206,6.954,9.245,4.807
5/1/1978,6.584,7.702,5.199,6.504,6.499,6.125,6.949,9.544,4.807
4/1/1978,6.511,7.603,5.173,6.424,6.447,6.02,6.92,9.584,4.481
3/1/1978,6.148,7.097,5.098,6.028,6.193,5.73,6.57,8.869,4.034
2/1/1978,6.09,7.02,5.075,5.966,6.175,5.715,6.501,8.627,4.034
1/1/1978,6.073,7.009,5.038,5.95,6.157,5.701,6.48,8.595,4.034
12/1/1977,5.927,6.847,4.904,5.827,5.982,5.561,6.308,8.404,4.034
11/1/1977,5.813,6.702,4.843,5.702,5.897,5.494,6.173,8.083,4.034
10/1/1977,5.747,6.615,4.817,5.63,5.833,5.443,6.094,7.946,4.034
9/1/1977,5.628,6.471,4.735,5.5,5.65,5.296,5.953,7.916,4.034
8/1/1977,5.648,6.51,4.709,5.522,5.613,5.267,5.977,8.135,4.034
7/1/1977,5.569,6.402,4.685,5.437,5.563,5.163,5.942,8.141,3.705
6/1/1977,5.564,6.403,4.669,5.432,5.455,5.077,5.937,8.462,3.705
5/1/1977,5.572,6.43,4.628,5.442,5.434,5.06,5.946,8.572,3.705
4/1/1977,5.533,6.373,4.625,5.4,5.406,5.038,5.899,8.456,3.705
3/1/1977,5.352,6.184,4.423,5.203,5.205,4.877,5.684,8.161,3.705
2/1/1977,4.971,5.638,4.384,4.788,4.983,4.664,5.266,7.048,3.519
1/1/1977,4.836,5.443,4.375,4.642,4.942,4.575,5.158,6.706,3.234
12/1/1976,4.7987,,,4.5759,4.9039,4.5395,5.1177,6.6546,3.2047
11/1/1976,4.6845,,,4.4417,4.8814,4.5192,4.9903,6.26,3.1949
10/1/1976,4.5949,,,4.333,4.8332,4.4332,4.9234,6.1475,2.8087
9/1/1976,4.4965,,,4.2373,4.8141,4.4174,4.8125,5.8068,2.8076
8/1/1976,4.4273,,,4.159,4.7217,4.3391,4.7346,5.7435,2.8076
7/1/1976,4.3182,,,4.0265,4.703,4.322,4.6125,5.3714,2.7971
6/1/1976,4.1748,,,4.0157,4.5308,4.1613,4.4619,5.2371,2.6747
5/1/1976,4.0773,,,3.9994,4.3601,4.0165,4.3522,5.2374,2.6747
4/1/1976,4.1352,,,4.0515,4.3861,4.0385,4.4175,5.4009,2.6747
3/1/1976,4.2008,,,4.0491,4.495,4.1301,4.492,5.4177,2.6727
2/1/1976,4.1046,,,3.9611,4.4113,4.0588,4.3835,5.2349,2.6714
1/1/1976,4.1888,,,4.0289,4.4808,4.1001,4.4919,5.452,2.5198
12/1/1975,3.9511,,,3.78,4.3327,3.9419,4.249,4.9474,2.2413
11/1/1975,3.8211,,,3.6808,4.2294,3.8538,4.103,4.672,2.2388
10/1/1975,3.745,,,3.5884,4.1988,3.8278,4.0172,4.4509,2.2388
9/1/1975,3.7326,,,3.611,4.1453,3.7822,4.0035,4.5189,2.2346
8/1/1975,3.6651,,,3.5764,4.0674,3.7116,3.9309,4.4423,2.1971
7/1/1975,3.629,,,3.4911,4.1174,3.753,3.8911,4.1993,2.1875
6/1/1975,3.6159,,,3.4904,4.0802,3.7069,3.8873,4.2678,2.0654
5/1/1975,3.5572,,,3.4478,4.0198,3.6555,3.8213,4.1757,2.0642
4/1/1975,3.5593,,,3.4766,3.986,3.6269,3.8236,4.2564,2.0645
3/1/1975,3.5071,,,3.4172,3.9742,3.6167,3.765,4.0845,2.0642
2/1/1975,3.3979,,,3.3301,3.8234,3.4844,3.6451,4.0091,2.0287
1/1/1975,3.3571,,,3.2468,3.8611,3.515,3.6003,3.771,2.0164
12/1/1974,3.3073,,,3.2059,3.7599,3.4144,3.5554,3.8421,1.8912
11/1/1974,3.2806,,,3.1788,3.7323,3.3905,3.5256,3.7989,1.887
10/1/1974,3.2948,,,3.1743,3.7453,3.4016,3.5416,3.8281,1.8871
9/1/1974,3.3226,,,3.1739,3.7642,3.4169,3.5735,3.8922,1.8844
8/1/1974,3.1516,,,2.9516,3.5371,3.2211,3.3832,3.743,1.8578
7/1/1974,3.0971,,,2.9165,3.477,3.1701,3.3218,3.6677,1.8578
6/1/1974,3.0247,,,2.8427,3.4299,3.1301,3.2403,3.4939,1.8574
5/1/1974,3.0207,,,2.8378,3.4144,3.1169,3.2358,3.5117,1.857
4/1/1974,3.0076,,,2.8263,3.3936,3.0979,3.2222,3.5101,1.8457
3/1/1974,2.9724,,,2.7433,3.4231,3.1222,3.183,3.3134,1.8388
2/1/1974,2.9084,,,2.6807,3.3643,3.0723,3.111,3.1965,1.8388
1/1/1974,2.7446,,,2.5108,3.1814,2.9071,2.9341,2.9962,1.7544
12/1/1973,2.6597,,,2.4609,3.0615,2.797,2.8448,2.9565,1.6839
11/1/1973,2.5985,,,2.4078,2.9985,2.7434,2.7759,2.86,1.6836
10/1/1973,2.5743,,,2.3657,2.9959,2.7411,2.7487,2.7728,1.6829
9/1/1973,2.5167,,,2.3411,2.9092,2.6675,2.6839,2.7431,1.6834
8/1/1973,2.4628,,,2.2856,2.8821,2.6445,2.6231,2.5963,1.6834
7/1/1973,2.4347,,,2.2578,2.849,2.6046,2.6005,2.5914,1.5837
6/1/1973,2.3967,,,2.2285,2.8118,2.5731,2.5577,2.5271,1.5831
5/1/1973,2.401,,,2.2386,2.7966,2.5601,2.5626,2.5778,1.5826
4/1/1973,2.3894,,,2.2368,2.7724,2.5396,2.5495,2.5863,1.5826
3/1/1973,2.3545,,,2.2239,2.7265,2.4996,2.5109,2.5558,1.5739
2/1/1973,2.3453,,,2.1982,2.7184,2.4927,2.5006,2.5382,1.5742
1/1/1973,2.2923,,,2.1595,2.6452,2.4287,2.4423,2.5011,1.5584
12/1/1972,2.2514,,,2.1162,2.6,2.3849,2.4004,2.4575,1.5114
11/1/1972,2.2155,,,2.0747,2.5767,2.3552,2.3675,2.3981,1.4267
10/1/1972,2.2065,,,2.08,2.5407,2.3246,2.3573,2.4413,1.4267
9/1/1972,2.1683,,,2.0728,2.4909,2.2825,2.3142,2.4044,1.4295
8/1/1972,2.1553,,,2.0623,2.4842,2.2768,2.2995,2.3695,1.4295
7/1/1972,2.1618,,,2.0657,2.4835,2.2762,2.3069,2.3957,1.4295
6/1/1972,2.1623,,,2.0743,2.4575,2.2538,2.3077,2.456,1.4267
5/1/1972,2.2132,,,2.1338,2.455,2.2517,2.365,2.6569,1.4267
4/1/1972,2.1522,,,2.0633,2.4488,2.2462,2.2965,2.4366,1.4251
3/1/1972,2.141,,,2.0769,2.4055,2.2095,2.2838,2.4892,1.4251
2/1/1972,2.1129,,,2.0424,2.4052,2.2092,2.2522,2.3821,1.4251
1/1/1972,2.0897,,,2.0231,2.3879,2.1945,2.226,2.3304,1.4248
12/1/1971,2.0822,,,2.0182,2.3731,2.1819,2.2176,2.3347,1.4248
11/1/1971,2.0743,,,1.9983,2.3722,2.1812,2.2086,2.3039,1.4248
10/1/1971,2.0494,,,1.9782,2.3546,2.1662,2.1807,2.2495,1.4248
9/1/1971,1.9999,,,1.9507,2.2918,2.1127,2.1251,2.197,1.4252
8/1/1971,1.9648,,,1.9145,2.2767,2.0998,2.0856,2.0961,1.4252
7/1/1971,1.9556,,,1.9,2.2708,2.0949,2.0752,2.0736,1.4252
6/1/1971,1.917,,,1.8743,2.2319,2.0618,2.0319,2.0113,1.4248
5/1/1971,1.9086,,,1.8696,2.2135,2.0454,2.0229,2.0215,1.4176
4/1/1971,1.9,,,1.8696,2.1959,2.0303,2.0134,2.0275,1.4168
3/1/1971,1.8826,,,1.8633,2.1678,2.0062,1.9939,2.0231,1.4141
2/1/1971,1.8456,,,1.8259,2.1511,1.9921,1.9523,1.9175,1.4143
1/1/1971,1.8438,,,1.8308,2.1308,1.9749,1.9502,1.9559,1.4143
12/1/1970,1.7949,,,1.803,2.0753,1.9283,1.8947,1.8888,1.4198
11/1/1970,1.7864,,,1.7926,2.0708,1.9243,1.8853,1.8673,1.4179
10/1/1970,1.7799,,,1.7889,2.0605,1.9148,1.8785,1.8659,1.4115
9/1/1970,1.7626,,,1.7764,2.0451,1.9017,1.8591,1.8341,1.4115
8/1/1970,1.7549,,,1.7697,2.0388,1.8964,1.8504,1.8184,1.4115
7/1/1970,1.7456,,,1.7594,2.0288,1.8878,1.84,1.8046,1.4111
6/1/1970,1.7307,,,1.7465,2.0102,1.872,1.8232,1.7882,1.4107
5/1/1970,1.7421,,,1.7609,1.9998,1.8631,1.8361,1.8553,1.4107
4/1/1970,1.7587,,,1.7802,2.0069,1.8692,1.8548,1.9034,1.4107
3/1/1970,1.765,,,1.7897,2.0104,1.8721,1.8619,1.9202,1.4107
2/1/1970,1.7406,,,1.7581,2.0051,1.8676,1.8344,1.8375,1.4107
1/1/1970,1.7478,,,1.767,2.0013,1.8644,1.8424,1.874,1.4107
12/1/1969,1.7467,,,1.7613,2.0037,1.8656,1.8419,1.8666,1.4034
11/1/1969,1.7312,,,1.7439,1.9795,1.845,1.8245,1.8601,1.4034
10/1/1969,1.7154,,,1.7264,1.9637,1.8313,1.8069,1.8357,1.4005
9/1/1969,1.6968,,,1.7061,1.9406,1.8117,1.786,1.8149,1.4009
8/1/1969,1.6738,,,1.679,1.9304,1.803,1.76,1.7487,1.4009
7/1/1969,1.6828,,,1.6892,1.9239,1.7961,1.7712,1.8013,1.3889
6/1/1969,1.6614,,,1.6742,1.8983,1.7697,1.7507,1.7883,1.3494
5/1/1969,1.6852,,,1.7044,1.8894,1.7616,1.778,1.901,1.3438
4/1/1969,1.6797,,,1.7005,1.8858,1.7553,1.7742,1.895,1.3166
3/1/1969,1.6735,,,1.6977,1.8812,1.7514,1.7672,1.8824,1.3166
2/1/1969,1.6595,,,1.6867,1.8759,1.747,1.7514,1.8416,1.3173
1/1/1969,1.6247,,,1.6495,1.8651,1.7378,1.7123,1.7302,1.3173
12/1/1968,1.6047,,,1.635,1.8495,1.7245,1.6897,1.6871,1.3172
11/1/1968,1.6027,,,1.6316,1.8445,1.7203,1.6874,1.6894,1.3172
10/1/1968,1.5836,,,1.6096,1.8415,1.7177,1.666,1.6237,1.3172
9/1/1968,1.5658,,,1.5949,1.8282,1.7065,1.6459,1.5845,1.3173
8/1/1968,1.5594,,,1.5875,1.8242,1.6993,1.6415,1.5782,1.2854
7/1/1968,1.544,,,1.5696,1.8212,1.6968,1.6242,1.5256,1.2854
6/1/1968,1.5246,,,1.5573,1.8008,1.6791,1.6026,1.4966,1.2826
5/1/1968,1.5337,,,1.5694,1.7885,1.6687,1.6129,1.5592,1.2826
4/1/1968,1.5359,,,1.5721,1.7828,1.6638,1.6154,1.58,1.2826
3/1/1968,1.5345,,,1.5712,1.78,1.6615,1.6137,1.5808,1.2826
2/1/1968,1.5247,,,1.5586,1.7787,1.6601,1.6028,1.5465,1.2808
1/1/1968,1.5179,,,1.5501,1.7744,1.6565,1.5952,1.5298,1.2808
12/1/1967,1.5111,,,1.5455,1.7607,1.6436,1.5885,1.5373,1.27
11/1/1967,1.5102,,,1.5463,1.7501,1.6346,1.5874,1.5584,1.27
10/1/1967,1.4955,,,1.5327,1.7418,1.6275,1.571,1.5189,1.2699
9/1/1967,1.4873,,,1.5287,1.7244,1.6116,1.5625,1.5298,1.2613
8/1/1967,1.4673,,,1.5074,1.7176,1.6059,1.54,1.4683,1.2613
7/1/1967,1.4427,,,1.4765,1.7086,1.5981,1.5124,1.3925,1.2603
6/1/1967,1.4283,,,1.4725,1.679,1.5729,1.4963,1.4019,1.26
5/1/1967,1.4404,,,1.4901,1.669,1.5645,1.5099,1.4716,1.26
4/1/1967,1.4697,,,1.5278,1.6657,1.5615,1.543,1.592,1.2587
3/1/1967,1.47,,,1.53,1.6613,1.5578,1.5433,1.6029,1.2587
2/1/1967,1.4513,,,1.5082,1.6493,1.5454,1.5239,1.5631,1.2398
1/1/1967,1.4371,,,1.4929,1.6334,1.5318,1.5079,1.5439,1.2398
12/1/1966,1.4214,,,1.4866,1.6135,1.515,1.4902,1.5271,1.2398
11/1/1966,1.4271,,,1.4944,1.6072,1.5096,1.4967,1.5631,1.2398
10/1/1966,1.4236,,,1.4901,1.5994,1.503,1.4927,1.5673,1.2398
9/1/1966,1.3993,,,1.4649,1.5892,1.4942,1.4655,1.4965,1.2401
8/1/1966,1.3853,,,1.4491,1.579,1.4856,1.4497,1.4653,1.2401
7/1/1966,1.3883,,,1.4524,1.5728,1.4801,1.4531,1.4905,1.2388
6/1/1966,1.3784,,,1.4493,1.5541,1.4643,1.442,1.4937,1.2385
5/1/1966,1.4097,,,1.488,1.5495,1.4604,1.4773,1.6248,1.2385
4/1/1966,1.4244,,,1.5064,1.5491,1.46,1.4938,1.681,1.238
3/1/1966,1.4194,,,1.5033,1.5449,1.4565,1.4881,1.6719,1.238
2/1/1966,1.3978,,,1.4766,1.5437,1.4561,1.4633,1.5909,1.2434
1/1/1966,1.3778,,,1.453,1.5407,1.4536,1.4408,1.5196,1.244
12/1/1965,1.354,,,1.4267,1.523,1.4385,1.4141,1.4671,1.244
11/1/1965,1.3599,,,1.433,1.5228,1.4384,1.4206,1.4881,1.244
10/1/1965,1.346,,,1.4173,1.5189,1.435,1.4051,1.446,1.244
9/1/1965,1.3393,,,1.4147,1.51,1.4274,1.3975,1.4385,1.244
8/1/1965,1.3163,,,1.3884,1.505,1.4231,1.3717,1.3615,1.244
7/1/1965,1.3079,,,1.3774,1.5015,1.4202,1.3622,1.3369,1.244
6/1/1965,1.3032,,,1.3782,1.4891,1.4097,1.3569,1.3465,1.244
5/1/1965,1.3057,,,1.3815,1.4864,1.4073,1.3598,1.3623,1.244
4/1/1965,1.3151,,,1.3937,1.4865,1.4075,1.3703,1.3972,1.244
3/1/1965,1.2998,,,1.3795,1.4783,1.4005,1.3531,1.3571,1.244
2/1/1965,1.2826,,,1.3578,1.4771,1.3995,1.3337,1.2933,1.244
1/1/1965,1.2817,,,1.3568,1.4767,1.3991,1.3327,1.2908,1.244
12/1/1964,1.2773,,,1.3554,1.4691,1.3926,1.3277,1.2907,1.244
11/1/1964,1.275,,,1.3536,1.4657,1.3898,1.3251,1.2885,1.244
10/1/1964,1.2722,,,1.3504,1.4621,1.3867,1.322,1.2866,1.244
9/1/1964,1.2615,,,1.3402,1.4541,1.3798,1.31,1.2631,1.2436
8/1/1964,1.2628,,,1.3422,1.4496,1.376,1.3115,1.2777,1.2436
7/1/1964,1.2595,,,1.3372,1.4471,1.3739,1.3077,1.2707,1.2436
6/1/1964,1.2498,,,1.325,1.4428,1.3703,1.2969,1.2431,1.2436
5/1/1964,1.2455,,,1.3185,1.4417,1.3693,1.2921,1.2291,1.2436
4/1/1964,1.2547,,,1.3303,1.438,1.3662,1.3024,1.2721,1.2436
3/1/1964,1.2576,,,1.3352,1.4353,1.3639,1.3057,1.2894,1.2436
2/1/1964,1.2431,,,1.3216,1.429,1.3586,1.2893,1.2479,1.2436
1/1/1964,1.2358,,,1.3131,1.4339,1.3627,1.2811,1.2089,1.2436
12/1/1963,1.2282,,,1.3145,1.42,1.3508,1.2725,1.2105,1.2435
11/1/1963,1.226,,,1.308,1.4148,1.3462,1.2702,1.2134,1.2418
10/1/1963,1.2114,,,1.2907,1.4121,1.344,1.2538,1.1637,1.2417
9/1/1963,1.2114,,,1.2875,1.4124,1.3442,1.2538,1.1629,1.2417
8/1/1963,1.2092,,,1.2851,1.4079,1.3404,1.2513,1.1643,1.2417
7/1/1963,1.2043,,,1.2788,1.4096,1.3414,1.2461,1.1428,1.2382
6/1/1963,1.211,,,1.2916,1.4012,1.3341,1.2539,1.1881,1.2359
5/1/1963,1.2219,,,1.3044,1.3977,1.3311,1.2662,1.2378,1.236
4/1/1963,1.2347,,,1.3192,1.4004,1.3333,1.2805,1.2802,1.2359
3/1/1963,1.242,,,1.32,1.4083,1.3395,1.2892,1.293,1.231
2/1/1963,1.2271,,,1.302,1.4128,1.3433,1.2724,1.2263,1.231
1/1/1963,1.2127,,,1.2851,1.4124,1.343,1.2563,1.1713,1.2309
12/1/1962,1.2111,,,1.2834,1.4116,1.3423,1.2544,1.1669,1.2309
11/1/1962,1.2178,,,1.2909,1.4129,1.3434,1.2619,1.1884,1.2309
10/1/1962,1.213,,,1.2852,1.4152,1.3454,1.2566,1.1666,1.2309
9/1/1962,1.2005,,,1.2727,1.4096,1.3408,1.2423,1.1295,1.2323
8/1/1962,1.1996,,,1.2736,1.4059,1.3377,1.2413,1.134,1.2323
7/1/1962,1.2035,,,1.2786,1.4031,1.3353,1.2457,1.1555,1.2323
6/1/1962,1.191,,,1.2641,1.3962,1.3256,1.2346,1.1332,1.1997
5/1/1962,1.1891,,,1.2601,1.3958,1.3253,1.2324,1.1263,1.1997
4/1/1962,1.2002,,,1.2751,1.395,1.3245,1.245,1.1703,1.1986
3/1/1962,1.2028,,,1.2795,1.3934,1.3231,1.2479,1.1843,1.1986
2/1/1962,1.1845,,,1.258,1.394,1.3236,1.2273,1.1134,1.1986
1/1/1962,1.1784,,,1.2501,1.4,1.3287,1.2205,1.0762,1.1986
12/1/1961,1.1819,,,1.2546,1.4047,1.3326,1.2244,1.0791,1.1982
11/1/1961,1.1854,,,1.2591,1.4028,1.3311,1.2284,1.0974,1.1982
10/1/1961,1.1849,,,1.2591,1.4014,1.3299,1.2278,1.0981,1.1982
9/1/1961,1.1806,,,1.2517,1.3964,1.3256,1.223,1.0931,1.1982
8/1/1961,1.1753,,,1.2455,1.395,1.3242,1.2172,1.0765,1.1965
7/1/1961,1.1629,,,1.2297,1.3945,1.3237,1.2033,1.0295,1.1954
6/1/1961,1.1554,,,1.2256,1.3769,1.3087,1.1948,1.0395,1.1954
5/1/1961,1.1595,,,1.2303,1.374,1.3062,1.1995,1.0621,1.1954
4/1/1961,1.1631,,,1.2345,1.3736,1.3047,1.2045,1.0804,1.1853
3/1/1961,1.1663,,,1.2371,1.3745,1.3055,1.208,1.0904,1.1853
2/1/1961,1.1673,,,1.2414,1.3716,1.303,1.2091,1.1003,1.1853
1/1/1961,1.1674,,,1.2442,1.3716,1.3034,1.2089,1.0997,1.1887
12/1/1960,1.1736,,,1.255,1.3736,1.3054,1.2157,1.1186,1.1911
11/1/1960,1.1715,,,1.2527,1.3735,1.3053,1.2134,1.1115,1.1911
10/1/1960,1.1643,,,1.2438,1.3722,1.3035,1.2059,1.0882,1.1846
9/1/1960,1.1531,,,1.2317,1.3631,1.2957,1.1932,1.066,1.1846
8/1/1960,1.1546,,,1.2331,1.3614,1.2943,1.1948,1.0754,1.1846
7/1/1960,1.1525,,,1.2311,1.3564,1.29,1.1925,1.0781,1.1846
6/1/1960,1.1561,,,1.2357,1.354,1.288,1.1965,1.0967,1.1846
5/1/1960,1.1575,,,1.2379,1.3496,1.2843,1.1982,1.1119,1.1846
4/1/1960,1.1758,,,1.2594,1.3492,1.2839,1.2188,1.1823,1.1846
3/1/1960,1.1861,,,1.2728,1.3517,1.286,1.2304,1.2164,1.1846
2/1/1960,1.1712,,,1.2572,1.3481,1.283,1.2136,1.1676,1.1846
1/1/1960,1.1641,,,1.2467,1.3559,1.2896,1.2056,1.123,1.1847
12/1/1959,1.1673,,,1.2548,1.3536,1.2879,1.209,1.14,1.1871
11/1/1959,1.1572,,,1.2424,1.3496,1.2845,1.1975,1.1091,1.1871
10/1/1959,1.1476,,,1.2311,1.341,1.2773,1.1868,1.0917,1.1871
9/1/1959,1.1366,,,1.2172,1.3314,1.2692,1.1744,1.0705,1.1871
8/1/1959,1.1289,,,1.2081,1.3275,1.2658,1.1657,1.0497,1.1871
7/1/1959,1.1271,,,1.2053,1.3265,1.2636,1.1647,1.0485,1.1748
6/1/1959,1.1133,,,1.1934,1.314,1.2525,1.1496,1.0246,1.1705
5/1/1959,1.1214,,,1.2038,1.3113,1.2501,1.1588,1.0617,1.1705
4/1/1959,1.1312,,,1.2165,1.3118,1.2506,1.1698,1.0973,1.1705
3/1/1959,1.1405,,,1.226,1.3199,1.2574,1.1803,1.1156,1.1705
2/1/1959,1.1291,,,1.2126,1.3258,1.2624,1.1674,1.0594,1.1707
1/1/1959,1.1291,,,1.2131,1.3311,1.2669,1.1674,1.0476,1.1707
12/1/1958,1.1315,,,1.2162,1.3314,1.2672,1.1701,1.0561,1.1707
11/1/1958,1.1265,,,1.2102,1.3312,1.267,1.1645,1.0375,1.1707
10/1/1958,1.1247,,,1.2086,1.3283,1.2646,1.1625,1.0368,1.1707
9/1/1958,1.1188,,,1.2027,1.3213,1.2587,1.1557,1.0295,1.1717
8/1/1958,1.1164,,,1.1998,1.318,1.2559,1.153,1.0275,1.1717
7/1/1958,1.1171,,,1.1998,1.3177,1.2556,1.1538,1.0308,1.1717
6/1/1958,1.1171,,,1.2033,1.3077,1.2472,1.1538,1.0526,1.1717
5/1/1958,1.1185,,,1.2042,1.3081,1.2475,1.1554,1.0573,1.1717
4/1/1958,1.1266,,,1.2141,1.3023,1.2426,1.1645,1.0999,1.1717
3/1/1958,1.1247,,,1.2055,1.315,1.254,1.1618,1.0638,1.1773
2/1/1958,1.1096,,,1.1863,1.308,1.2481,1.1448,1.0213,1.1773
1/1/1958,1.1082,,,1.1841,1.3105,1.2503,1.1432,1.0103,1.1775
12/1/1957,1.1188,,,1.1972,1.3153,1.2544,1.1551,1.0404,1.1781
11/1/1957,1.1237,,,1.2046,1.3095,1.2508,1.1596,1.0688,1.19
10/1/1957,1.1105,,,1.1891,1.3064,1.2483,1.1447,1.0245,1.19
9/1/1957,1.103,,,1.184,1.2915,1.2352,1.1365,1.03,1.1866
8/1/1957,1.0887,,,1.1671,1.2729,1.2195,1.1204,1.0161,1.1866
7/1/1957,1.0735,,,1.1503,1.265,1.2128,1.1032,0.975,1.1866
6/1/1957,1.072,,,1.149,1.2633,1.2114,1.1015,0.9727,1.1866
5/1/1957,1.0744,,,1.1521,1.264,1.212,1.1043,0.9805,1.1867
4/1/1957,1.0927,,,1.1737,1.2626,1.2108,1.1249,1.0534,1.1867
3/1/1957,1.0963,,,1.178,1.2654,1.2131,1.129,1.0612,1.1867
2/1/1957,1.1005,,,1.1825,1.2694,1.2165,1.1338,1.0689,1.1867
1/1/1957,1.0983,,,1.1798,1.2718,1.2181,1.1316,1.0563,1.1827
12/1/1956,1.1003,,,1.1812,1.2777,1.2226,1.1342,1.052,1.1786
11/1/1956,1.0938,,,1.1743,1.2697,1.2135,1.1286,1.0504,1.1596
10/1/1956,1.0816,,,1.1606,1.2661,1.2105,1.1149,1.0116,1.1596
9/1/1956,1.0756,,,1.1511,1.2596,1.205,1.1081,1.0028,1.1596
8/1/1956,1.0651,,,1.141,1.2512,1.1978,1.0963,0.9816,1.1596
7/1/1956,1.0718,,,1.1487,1.2515,1.1981,1.1038,1.0061,1.1596
6/1/1956,1.0803,,,1.1592,1.2514,1.1981,1.1134,1.0387,1.1596
5/1/1956,1.082,,,1.1605,1.2489,1.1959,1.1153,1.0508,1.1596
4/1/1956,1.0971,,,1.1779,1.2495,1.1964,1.1324,1.1063,1.1596
3/1/1956,1.0945,,,1.1734,1.2541,1.2003,1.1294,1.0871,1.1596
2/1/1956,1.0851,,,1.1629,1.2545,1.2007,1.1188,1.0507,1.1596
1/1/1956,1.0772,,,1.1529,1.2593,1.2048,1.1099,1.0095,1.1596
12/1/1955,1.0746,,,1.154,1.2547,1.2013,1.1066,1.0087,1.1636
11/1/1955,1.0684,,,1.1473,1.2502,1.1975,1.0996,0.9945,1.1636
10/1/1955,1.0593,,,1.1375,1.2461,1.1935,1.0897,0.9698,1.1598
9/1/1955,1.0512,,,1.1262,1.2423,1.1903,1.0806,0.9473,1.1598
8/1/1955,1.0398,,,1.1126,1.2366,1.1845,1.0685,0.919,1.151
7/1/1955,1.0391,,,1.1112,1.2382,1.1858,1.0677,0.9125,1.151
6/1/1955,1.0369,,,1.1106,1.2315,1.1802,1.0652,0.9185,1.1514
5/1/1955,1.0466,,,1.1229,1.2279,1.1772,1.0761,0.9635,1.1514
4/1/1955,1.0543,,,1.1319,1.2287,1.177,1.0854,0.9929,1.1446
3/1/1955,1.0609,,,1.1445,1.2266,1.1748,1.0932,1.0241,1.1411
2/1/1955,1.0533,,,1.135,1.2304,1.178,1.0846,0.987,1.1411
1/1/1955,1.0523,,,1.134,1.2338,1.1809,1.0835,0.9758,1.1411
12/1/1954,1.0511,,,1.1334,1.2365,1.1838,1.0817,0.9633,1.1462
11/1/1954,1.0518,,,1.1341,1.2358,1.1832,1.0825,0.9671,1.1462
10/1/1954,1.0423,,,1.1229,1.2333,1.1811,1.0717,0.9368,1.1462
9/1/1954,1.0348,,,1.1144,1.2325,1.1805,1.0632,0.9103,1.1462
8/1/1954,1.0385,,,1.1192,1.2309,1.1782,1.0682,0.9299,1.1382
7/1/1954,1.0362,,,1.1161,1.232,1.1791,1.0655,0.9189,1.1382
6/1/1954,1.0428,,,1.1195,1.24,1.1858,1.0731,0.9269,1.1382
5/1/1954,1.0412,,,1.1172,1.243,1.1884,1.0713,0.9146,1.1382
4/1/1954,1.0674,,,1.1484,1.2407,1.1864,1.1009,1.0168,1.1382
3/1/1954,1.0729,,,1.1546,1.245,1.19,1.1071,1.0295,1.1382
2/1/1954,1.0642,,,1.1443,1.2469,1.1916,1.0972,0.9933,1.1382
1/1/1954,1.0609,,,1.1401,1.2551,1.1985,1.0935,0.963,1.1382
12/1/1953,1.0623,,,1.1396,1.2665,1.2082,1.0951,0.9438,1.1382
11/1/1953,1.0691,,,1.1473,1.2722,1.2129,1.1028,0.9568,1.1382
10/1/1953,1.0774,,,1.1576,1.2887,1.2265,1.1124,0.954,1.1354
9/1/1953,1.075,,,1.1513,1.2862,1.2235,1.1104,0.9521,1.1285
8/1/1953,1.0621,,,1.1367,1.2825,1.2205,1.0957,0.9115,1.1285
7/1/1953,1.0602,,,1.1343,1.2837,1.2215,1.0936,0.9019,1.1285
6/1/1953,1.0611,,,1.1418,1.2732,1.2126,1.0946,0.9277,1.1285
5/1/1953,1.0499,,,1.1282,1.2709,1.2106,1.0819,0.8904,1.1285
4/1/1953,1.0839,,,1.1692,1.2711,1.2108,1.1205,1.017,1.1285
3/1/1953,1.0852,,,1.169,1.2775,1.2162,1.1219,1.0091,1.1285
2/1/1953,1.0826,,,1.1652,1.2862,1.2236,1.119,0.9815,1.1285
1/1/1953,1.0807,,,1.1616,1.2914,1.2279,1.1168,0.963,1.1285
12/1/1952,1.0694,,,1.1489,1.2881,1.2254,1.1038,0.9266,1.1304
11/1/1952,1.0728,,,1.1544,1.2813,1.2197,1.1078,0.9536,1.1304
10/1/1952,1.0591,,,1.1392,1.2678,1.2082,1.0923,0.9315,1.1304
9/1/1952,1.0605,,,1.14,1.2741,1.2136,1.0938,0.9228,1.1304
8/1/1952,1.0501,,,1.1274,1.2724,1.2122,1.082,0.8881,1.1304
7/1/1952,1.0382,,,1.114,1.2583,1.2003,1.0686,0.8735,1.1304
6/1/1952,1.034,,,1.1067,1.2573,1.1983,1.0648,0.8629,1.1205
5/1/1952,1.0324,,,1.1047,1.2577,1.1985,1.0629,0.8564,1.1205
4/1/1952,1.0546,,,1.1313,1.2603,1.2008,1.088,0.9322,1.1205
3/1/1952,1.0532,,,1.1302,1.261,1.2013,1.0864,0.9262,1.1205
2/1/1952,1.0511,,,1.1271,1.2647,1.2044,1.0841,0.9107,1.1205
1/1/1952,1.0591,,,1.1366,1.2737,1.212,1.0931,0.9216,1.1205
12/1/1951,1.0606,,,1.1392,1.2775,1.2153,1.0948,0.919,1.1205
11/1/1951,1.0671,,,1.1481,1.278,1.2157,1.1022,0.9424,1.1205
10/1/1951,1.0596,,,1.1404,1.2723,1.2109,1.0938,0.9266,1.1205
9/1/1951,1.0471,,,1.1292,1.2594,1.1998,1.0796,0.9074,1.1205
8/1/1951,1.0436,,,1.1257,1.2562,1.1967,1.076,0.9023,1.117
7/1/1951,1.0364,,,1.117,1.2506,1.192,1.0679,0.8873,1.117
6/1/1951,1.0406,,,1.1169,1.2598,1.1998,1.0726,0.8833,1.1173
5/1/1951,1.0497,,,1.1267,1.2588,1.1989,1.0828,0.9191,1.1173
4/1/1951,1.0595,,,1.1378,1.2621,1.2043,1.092,0.9416,1.138
3/1/1951,1.0631,,,1.1459,1.2602,1.2027,1.096,0.9596,1.138
2/1/1951,1.0624,,,1.1448,1.262,1.2042,1.0953,0.954,1.138
1/1/1951,1.0514,,,1.131,1.2596,1.2022,1.0829,0.9175,1.138
12/1/1950,1.055,,,1.1341,1.2647,1.2065,1.0869,0.9201,1.1383
11/1/1950,1.0543,,,1.132,1.2611,1.2035,1.0861,0.926,1.1383
10/1/1950,1.0487,,,1.1251,1.2578,1.2007,1.0798,0.9111,1.1383
9/1/1950,1.0444,,,1.1197,1.25,1.1941,1.0748,0.9128,1.1383
8/1/1950,1.0446,,,1.1209,1.2459,1.1907,1.0752,0.9224,1.1383
7/1/1950,1.0463,,,1.1226,1.2401,1.1858,1.077,0.9401,1.1383
6/1/1950,1.0435,,,1.1247,1.2317,1.1787,1.0738,0.9469,1.1383
5/1/1950,1.0507,,,1.1311,1.2345,1.182,1.0813,0.9653,1.1453
4/1/1950,1.0561,,,1.1354,1.2382,1.1856,1.087,0.9761,1.1494
3/1/1950,1.0719,,,1.1474,1.2517,1.1969,1.105,1.0069,1.1494
2/1/1950,1.0752,,,1.1512,1.2514,1.1966,1.1087,1.0202,1.1494
1/1/1950,1.0776,,,1.1548,1.2569,1.2012,1.1114,1.0179,1.1494
12/1/1949,1.0698,,,1.142,1.2621,1.2045,1.1034,0.9803,1.14
11/1/1949,1.0661,,,1.1392,1.2649,1.2069,1.0993,0.9605,1.14
10/1/1949,1.0633,,,1.1376,1.2637,1.2059,1.0961,0.954,1.14
9/1/1949,1.0522,,,1.1279,1.2564,1.1998,1.0835,0.9271,1.14
8/1/1949,1.0362,,,1.1082,1.2426,1.1883,1.0653,0.8973,1.14
7/1/1949,1.0357,,,1.1084,1.24,1.1866,1.0644,0.8996,1.1432
6/1/1949,1.0331,,,1.1039,1.2416,1.1863,1.0626,0.8911,1.1312
5/1/1949,1.037,,,1.1061,1.2414,1.1858,1.0673,0.9061,1.1288
4/1/1949,1.0361,,,1.1054,1.2424,1.187,1.0661,0.8999,1.1312
3/1/1949,1.0406,,,1.1086,1.2424,1.1863,1.0717,0.9182,1.1264
2/1/1949,1.0402,,,1.1098,1.242,1.1859,1.0712,0.9177,1.1264
1/1/1949,1.0426,,,1.1119,1.2532,1.1954,1.0739,0.9036,1.1264
12/1/1948,1.0406,,,1.1136,1.254,1.196,1.0716,0.895,1.1264
11/1/1948,1.0384,,,1.1144,1.2491,1.1919,1.0691,0.897,1.1264
10/1/1948,1.0365,,,1.1134,1.2397,1.184,1.0671,0.9095,1.1264
9/1/1948,1.0267,,,1.1034,1.2297,1.1753,1.0561,0.8947,1.1237
8/1/1948,1.0203,,,1.0969,1.2154,1.1627,1.0494,0.9014,1.1182
7/1/1948,1.0053,,,1.0804,1.2002,1.15,1.0324,0.8781,1.1182
6/1/1948,0.996,,,1.0655,1.192,1.1432,1.0217,0.8606,1.1182
5/1/1948,0.9928,,,1.0592,1.1919,1.1397,1.0206,0.8577,1.0932
4/1/1948,0.9984,,,1.0659,1.1975,1.1448,1.0267,0.866,1.0963
3/1/1948,0.9933,,,1.0646,1.1934,1.1413,1.0209,0.8554,1.0963
2/1/1948,0.9987,,,1.0724,1.1952,1.1429,1.027,0.871,1.0963
1/1/1948,0.999,,,1.0786,1.2035,1.1498,1.0274,0.8553,1.0963
